[
    {
        "id": 1,
        "priority": 1,
        "action": {
            "type": "modifyHeaders",
            "responseHeaders": [
                {
                    "operation": "set",
                    "header": "Access-Control-Allow-Headers",
                    "value": "*"
                },
                {
                    "operation": "set",
                    "header": "Access-Control-Expose-Headers",
                    "value": "*"
                }
            ]
        },
        "condition": {}
    }
]