[ 
  {
    "id": 11,
    "priority": 1,
    "action": {
      "type": "modifyHeaders",
      "responseHeaders": [
        { 
          "header": "content-security-policy", 
          "operation": "remove" 
        },
        { 
          "header": "content-security-policy-report-only", 
          "operation": "remove" 
        }
      ]
    },
    "condition": { 
      "regexFilter": "^*://*/*", 
      "resourceTypes": [
        "main_frame",
        "sub_frame",
        "object",
        "script",
        "xmlhttprequest",
        "csp_report",
        "other"
      ]
    }
  }
]